length,width,depth
3535.128805,9935.226342,12551.79364
23535.1288,3713.004119,18951.79364
13535.1288,8379.670786,15751.79364
33535.1288,13046.33745,6791.793638
8535.128805,2675.967082,9991.793638
28535.1288,7342.633749,13191.79364
18535.1288,12009.30042,19591.79364
38535.1288,1120.411527,16391.79364
2285.128805,5787.078194,4718.193638
22285.1288,10453.74486,7918.193638
12285.1288,4231.522638,11118.19364
32285.1288,8898.189305,17518.19364
7285.128805,13564.85597,14318.19364
27285.1288,1811.769552,5358.193638
17285.1288,6478.436218,8558.193638
37285.1288,11145.10288,11758.19364
4785.128805,256.213996,18158.19364
24785.1288,4922.880663,14958.19364
14785.1288,9589.547329,4078.193638
34785.1288,3367.325107,7278.193638
9785.128805,8033.991774,10478.19364
29785.1288,12700.65844,16878.19364
19785.1288,2330.28807,13678.19364
39785.1288,6996.954737,5998.193638
253.8788046,11663.6214,9198.193638
20253.8788,774.7325145,12398.19364
10253.8788,5441.399181,18798.19364
30253.8788,10108.06585,15598.19364
5253.878805,3885.843626,6638.193638
25253.8788,8552.510292,9838.193638
15253.8788,13219.17696,13038.19364
35253.8788,2848.806589,19438.19364
2753.878805,7515.473255,16238.19364
22753.8788,12182.13992,4999.793638
12753.8788,1293.251033,8199.793638
32753.8788,5959.9177,11399.79364
7753.878805,10626.58437,17799.79364
27753.8788,4404.362144,14599.79364
17753.8788,9071.028811,5639.793638
37753.8788,13737.69548,8839.793638
1503.878805,1984.609058,12039.79364
21503.8788,6651.275724,18439.79364
11503.8788,11317.94239,15239.79364
31503.8788,429.0535022,4359.793638
6503.878805,5095.720169,7559.793638
26503.8788,9762.386835,10759.79364
16503.8788,3540.164613,17159.79364
36503.8788,8206.83128,13959.79364
4003.878805,12873.49795,6279.793638
24003.8788,2503.127576,9479.793638
14003.8788,7169.794243,12679.79364
34003.8788,11836.46091,19079.79364
9003.878805,947.5720207,15879.79364
29003.8788,5614.238687,6919.793638
19003.8788,10280.90535,10119.79364
39003.8788,4058.683132,13319.79364
878.8788046,8725.349798,19719.79364
20878.8788,13392.01647,16519.79364
10878.8788,3021.646095,5127.793638
30878.8788,7688.312761,8327.793638
5878.878805,12354.97943,11527.79364
25878.8788,1466.090539,17927.79364
15878.8788,6132.757206,14727.79364
35878.8788,10799.42387,5767.793638
3378.878805,4577.20165,8967.793638
23378.8788,9243.868317,12167.79364
13378.8788,13910.53498,18567.79364
33378.8788,1559.978666,15367.79364
8378.878805,6226.645333,4487.793638
28378.8788,10893.312,7687.793638
18378.8788,4.423110447,10887.79364
38378.8788,4671.089777,17287.79364
2128.878805,9337.756444,14087.79364
22128.8788,3115.534222,6407.793638
12128.8788,7782.200888,9607.793638
32128.8788,12448.86755,12807.79364
7128.878805,2078.497185,19207.79364
27128.8788,6745.163851,16007.79364
17128.8788,11411.83052,7047.793638
37128.8788,522.941629,10247.79364
4628.878805,5189.608296,13447.79364
24628.8788,9856.274962,19847.79364
14628.8788,3634.05274,16647.79364
34628.8788,8300.719407,5255.793638
9628.878805,12967.38607,8455.793638
29628.8788,2597.015703,11655.79364
19628.8788,7263.68237,18055.79364
39628.8788,11930.34904,14855.79364
566.3788046,1041.460147,5895.793638
20566.3788,5708.126814,9095.793638
10566.3788,10374.79348,12295.79364
30566.3788,4152.571259,18695.79364
5566.378805,8819.237925,15495.79364
25566.3788,13485.90459,4615.793638
15566.3788,1732.818172,7815.793638
35566.3788,6399.484839,11015.79364
3066.378805,11066.15151,17415.79364
23066.3788,177.2626166,14215.79364
13066.3788,4843.929283,6535.793638
33066.3788,9510.59595,9735.793638
8066.378805,3288.373728,12935.79364
28066.3788,7955.040394,19335.79364
18066.3788,12621.70706,16135.79364
38066.3788,2251.336691,7175.793638
1816.378805,6918.003357,10375.79364
21816.3788,11584.67002,13575.79364
11816.3788,695.7811351,19975.79364
31816.3788,5362.447802,16775.79364
6816.378805,10029.11447,4846.193638
26816.3788,3806.892246,8046.193638
16816.3788,8473.558913,11246.19364
36816.3788,13140.22558,17646.19364
4316.378805,2769.855209,14446.19364
24316.3788,7436.521876,5486.193638
14316.3788,12103.18854,8686.193638
34316.3788,1214.299654,11886.19364
9316.378805,5880.96632,18286.19364
29316.3788,10547.63299,15086.19364
19316.3788,4325.410765,4206.193638
39316.3788,8992.077431,7406.193638
1191.378805,13658.7441,10606.19364
21191.3788,1905.657678,17006.19364
11191.3788,6572.324345,13806.19364
31191.3788,11238.99101,6126.193638
6191.378805,350.1021228,9326.193638
26191.3788,5016.768789,12526.19364
16191.3788,9683.435456,18926.19364
36191.3788,3461.213234,15726.19364
3691.378805,8127.879901,6766.193638
23691.3788,12794.54657,9966.193638
13691.3788,2424.176197,13166.19364
33691.3788,7090.842864,19566.19364
8691.378805,11757.50953,16366.19364
28691.3788,868.6206413,4692.593638
18691.3788,5535.287308,7892.593638
38691.3788,10201.95397,11092.59364
2441.378805,3979.731752,17492.59364
22441.3788,8646.398419,14292.59364
12441.3788,13313.06509,5332.593638
32441.3788,2942.694715,8532.593638
7441.378805,7609.361382,11732.59364
27441.3788,12276.02805,18132.59364
17441.3788,1387.13916,14932.59364
37441.3788,6053.805826,4052.593638
4941.378805,10720.47249,7252.593638
24941.3788,4498.250271,10452.59364
14941.3788,9164.916938,16852.59364
34941.3788,13831.5836,13652.59364
9941.378805,1696.543214,5972.593638
29941.3788,6363.209881,9172.593638
19941.3788,11029.87655,12372.59364
39941.3788,140.9876585,18772.59364
58.56630462,4807.654325,15572.59364
20058.5663,9474.320992,6612.593638
10058.5663,3252.09877,9812.593638
30058.5663,7918.765436,13012.59364
5058.566305,12585.4321,19412.59364
25058.5663,2215.061733,16212.59364
15058.5663,6881.728399,4974.193638
35058.5663,11548.39507,8174.193638
2558.566305,659.5061771,11374.19364
22558.5663,5326.172844,17774.19364
12558.5663,9992.83951,14574.19364
32558.5663,3770.617288,5614.193638
7558.566305,8437.283955,8814.193638
27558.5663,13103.95062,12014.19364
17558.5663,2733.580251,18414.19364
37558.5663,7400.246918,15214.19364
1308.566305,12066.91358,4334.193638
21308.5663,1178.024696,7534.193638
11308.5663,5844.691362,10734.19364
31308.5663,10511.35803,17134.19364
6308.566305,4289.135807,13934.19364
26308.5663,8955.802473,6254.193638
16308.5663,13622.46914,9454.193638
36308.5663,1869.38272,12654.19364
3808.566305,6536.049387,19054.19364
23808.5663,11202.71605,15854.19364
13808.5663,313.8271647,6894.193638
33808.5663,4980.493831,10094.19364
8808.566305,9647.160498,13294.19364
28808.5663,3424.938276,19694.19364
18808.5663,8091.604942,16494.19364
38808.5663,12758.27161,5102.193638
683.5663046,2387.901239,8302.193638
20683.5663,7054.567905,11502.19364
10683.5663,11721.23457,17902.19364
30683.5663,832.3456832,14702.19364
5683.566305,5499.01235,5742.193638
25683.5663,10165.67902,8942.193638
15683.5663,3943.456794,12142.19364
35683.5663,8610.123461,18542.19364
3183.566305,13276.79013,15342.19364
23183.5663,2906.419757,4462.193638
13183.5663,7573.086424,7662.193638
33183.5663,12239.75309,10862.19364
8183.566305,1350.864202,17262.19364
28183.5663,6017.530868,14062.19364
18183.5663,10684.19754,6382.193638
38183.5663,4461.975313,9582.193638
1933.566305,9128.64198,12782.19364
21933.5663,13795.30865,19182.19364
11933.5663,2042.222226,15982.19364
31933.5663,6708.888893,7022.193638
6933.566305,11375.55556,10222.19364
26933.5663,486.6666709,13422.19364
16933.5663,5153.333338,19822.19364
36933.5663,9820.000004,16622.19364
4433.566305,3597.777782,5230.193638
24433.5663,8264.444449,8430.193638
14433.5663,12931.11112,11630.19364
34433.5663,2560.740745,18030.19364
9433.566305,7227.407412,14830.19364
29433.5663,11894.07408,5870.193638
19433.5663,1005.185189,9070.193638
39433.5663,5671.851856,12270.19364
371.0663046,10338.51852,18670.19364
20371.0663,4116.296301,15470.19364
10371.0663,8782.962967,4590.193638
30371.0663,13449.62963,7790.193638
5371.066305,3079.259263,10990.19364
25371.0663,7745.92593,17390.19364
15371.0663,12412.5926,14190.19364
35371.0663,1523.703708,6510.193638
2871.066305,6190.370375,9710.193638
22871.0663,10857.03704,12910.19364
12871.0663,4634.814819,19310.19364
32871.0663,9301.481486,16110.19364
7871.066305,13968.14815,7150.193638
27871.0663,1617.591835,10350.19364
17871.0663,6284.258501,13550.19364
37871.0663,10950.92517,19950.19364
1621.066305,62.03627917,16750.19364
21621.0663,4728.702946,4820.593638
11621.0663,9395.369613,8020.593638
31621.0663,3173.14739,11220.59364
6621.066305,7839.814057,17620.59364
26621.0663,12506.48072,14420.59364
16621.0663,2136.110353,5460.593638
36621.0663,6802.77702,8660.593638
4121.066305,11469.44369,11860.59364
24121.0663,580.5547977,18260.59364
14121.0663,5247.221464,15060.59364
34121.0663,9913.888131,4180.593638
9121.066305,3691.665909,7380.593638
29121.0663,8358.332575,10580.59364
19121.0663,13024.99924,16980.59364
39121.0663,2654.628872,13780.59364
996.0663046,7321.295538,6100.593638
20996.0663,11987.96221,9300.593638
10996.0663,1099.073316,12500.59364
30996.0663,5765.739983,18900.59364
5996.066305,10432.40665,15700.59364
25996.0663,4210.184427,6740.593638
15996.0663,8876.851094,9940.593638
35996.0663,13543.51776,13140.59364
3496.066305,1790.431341,19540.59364
23496.0663,6457.098008,16340.59364
13496.0663,11123.76467,4661.873638
33496.0663,234.8757853,7861.873638
8496.066305,4901.542452,11061.87364
28496.0663,9568.209119,17461.87364
18496.0663,3345.986896,14261.87364
38496.0663,8012.653563,5301.873638
2246.066305,12679.32023,8501.873638
22246.0663,2308.949859,11701.87364
12246.0663,6975.616526,18101.87364
32246.0663,11642.28319,14901.87364
7246.066305,753.3943039,4021.873638
27246.0663,5420.060971,7221.873638
17246.0663,10086.72764,10421.87364
37246.0663,3864.505415,16821.87364
4746.066305,8531.172082,13621.87364
24746.0663,13197.83875,5941.873638
14746.0663,2827.468378,9141.873638
34746.0663,7494.135045,12341.87364
9746.066305,12160.80171,18741.87364
29746.0663,1271.912822,15541.87364
19746.0663,5938.579489,6581.873638
39746.0663,10605.24616,9781.873638
214.8163046,4383.023933,12981.87364
20214.8163,9049.6906,19381.87364
10214.8163,13716.35727,16181.87364
30214.8163,1963.270847,4948.593638
5214.816305,6629.937514,8148.593638
25214.8163,11296.60418,11348.59364
15214.8163,407.7152915,17748.59364
35214.8163,5074.381958,14548.59364
2714.816305,9741.048625,5588.593638
22714.8163,3518.826403,8788.593638
12714.8163,8185.493069,11988.59364
32714.8163,12852.15974,18388.59364
7714.816305,2481.789366,15188.59364
27714.8163,7148.456032,4308.593638
17714.8163,11815.1227,7508.593638
37714.8163,926.23381,10708.59364
1464.816305,5592.900477,17108.59364
21464.8163,10259.56714,13908.59364
11464.8163,4037.344921,6228.593638
31464.8163,8704.011588,9428.593638
6464.816305,13370.67825,12628.59364
26464.8163,3000.307884,19028.59364
16464.8163,7666.974551,15828.59364
36464.8163,12333.64122,6868.593638
3964.816305,1444.752329,10068.59364
23964.8163,6111.418995,13268.59364
13964.8163,10778.08566,19668.59364
33964.8163,4555.86344,16468.59364
8964.816305,9222.530106,5076.593638
28964.8163,13889.19677,8276.593638
18964.8163,1600.521266,11476.59364
38964.8163,6267.187933,17876.59364
839.8163046,10933.8546,14676.59364
20839.8163,44.96571066,5716.593638
10839.8163,4711.632377,8916.593638
30839.8163,9378.299044,12116.59364
5839.816305,3156.076822,18516.59364
25839.8163,7822.743488,15316.59364
15839.8163,12489.41016,4436.593638
35839.8163,2119.039785,7636.593638
3339.816305,6785.706451,10836.59364
23339.8163,11452.37312,17236.59364
13339.8163,563.4842292,14036.59364
33339.8163,5230.150896,6356.593638
8339.816305,9896.817563,9556.593638
28339.8163,3674.59534,12756.59364
18339.8163,8341.262007,19156.59364
38339.8163,13007.92867,15956.59364
2089.816305,2637.558303,6996.593638
22089.8163,7304.22497,10196.59364
12089.8163,11970.89164,13396.59364
32089.8163,1082.002748,19796.59364
7089.816305,5748.669414,16596.59364
27089.8163,10415.33608,5204.593638
17089.8163,4193.113859,8404.593638
37089.8163,8859.780525,11604.59364
4589.816305,13526.44719,18004.59364
24589.8163,1773.360772,14804.59364
14589.8163,6440.027439,5844.593638
34589.8163,11106.69411,9044.593638
9589.816305,217.8052168,12244.59364
29589.8163,4884.471883,18644.59364
19589.8163,9551.13855,15444.59364
39589.8163,3328.916328,4564.593638
527.3163046,7995.582995,7764.593638
20527.3163,12662.24966,10964.59364
10527.3163,2291.879291,17364.59364
30527.3163,6958.545958,14164.59364
5527.316305,11625.21262,6484.593638
25527.3163,736.3237354,9684.593638
15527.3163,5402.990402,12884.59364
35527.3163,10069.65707,19284.59364
3027.316305,3847.434846,16084.59364
23027.3163,8514.101513,7124.593638
13027.3163,13180.76818,10324.59364
33027.3163,2810.397809,13524.59364
8027.316305,7477.064476,19924.59364
28027.3163,12143.73114,16724.59364
18027.3163,1254.842254,4789.873638
38027.3163,5921.508921,7989.873638
1777.316305,10588.17559,11189.87364
21777.3163,4365.953365,17589.87364
11777.3163,9032.620032,14389.87364
31777.3163,13699.2867,5429.873638
6777.316305,1946.200279,8629.873638
26777.3163,6612.866945,11829.87364
16777.3163,11279.53361,18229.87364
36777.3163,390.644723,15029.87364
4277.316305,5057.31139,4149.873638
24277.3163,9723.978056,7349.873638
14277.3163,3501.755834,10549.87364
34277.3163,8168.422501,16949.87364
9277.316305,12835.08917,13749.87364
29277.3163,2464.718797,6069.873638
19277.3163,7131.385464,9269.873638
39277.3163,11798.05213,12469.87364
1152.316305,909.1632415,18869.87364
21152.3163,5575.829908,15669.87364
11152.3163,10242.49657,6709.873638
31152.3163,4020.274353,9909.873638
6152.316305,8686.941019,13109.87364
26152.3163,13353.60769,19509.87364
16152.3163,2983.237316,16309.87364
36152.3163,7649.903982,4687.473638
3652.316305,12316.57065,7887.473638
23652.3163,1427.68176,11087.47364
13652.3163,6094.348427,17487.47364
33652.3163,10761.01509,14287.47364
8652.316305,4538.792871,5327.473638
28652.3163,9205.459538,8527.473638
18652.3163,13872.1262,11727.47364
38652.3163,1675.205003,18127.47364
2402.316305,6341.87167,14927.47364
22402.3163,11008.53834,4047.473638
12402.3163,119.6494479,7247.473638
32402.3163,4786.316115,10447.47364
7402.316305,9452.982781,16847.47364
27402.3163,3230.760559,13647.47364
17402.3163,7897.427226,5967.473638
37402.3163,12564.09389,9167.473638
4902.316305,2193.723522,12367.47364
24902.3163,6860.390189,18767.47364
14902.3163,11527.05686,15567.47364
34902.3163,638.1679664,6607.473638
9902.316305,5304.834633,9807.473638
29902.3163,9971.5013,13007.47364
19902.3163,3749.279078,19407.47364
39902.3163,8415.945744,16207.47364
136.6913046,13082.61241,4917.873638
20136.6913,2712.24204,8117.873638
10136.6913,7378.908707,11317.87364
30136.6913,12045.57537,17717.87364
5136.691305,1156.686485,14517.87364
25136.6913,5823.353152,5557.873638
15136.6913,10490.01982,8757.873638
35136.6913,4267.797596,11957.87364
2636.691305,8934.464263,18357.87364
22636.6913,13601.13093,15157.87364
12636.6913,1848.04451,4277.873638
32636.6913,6514.711176,7477.873638
7636.691305,11181.37784,10677.87364
27636.6913,292.4889541,17077.87364
17636.6913,4959.155621,13877.87364
37636.6913,9625.822287,6197.873638
1386.691305,3403.600065,9397.873638
21386.6913,8070.266732,12597.87364
11386.6913,12736.9334,18997.87364
31386.6913,2366.563028,15797.87364
6386.691305,7033.229695,6837.873638
26386.6913,11699.89636,10037.87364
16386.6913,811.0074726,13237.87364
36386.6913,5477.674139,19637.87364
3886.691305,10144.34081,16437.87364
23886.6913,3922.118584,5045.873638
13886.6913,8588.78525,8245.873638
33886.6913,13255.45192,11445.87364
8886.691305,2885.081547,17845.87364
28886.6913,7551.748213,14645.87364
18886.6913,12218.41488,5685.873638
38886.6913,1329.525991,8885.873638
761.6913046,5996.192658,12085.87364
20761.6913,10662.85932,18485.87364
10761.6913,4440.637102,15285.87364
30761.6913,9107.303769,4405.873638
5761.691305,13773.97044,7605.873638
25761.6913,2020.884016,10805.87364
15761.6913,6687.550682,17205.87364
35761.6913,11354.21735,14005.87364
3261.691305,465.3284602,6325.873638
23261.6913,5131.995127,9525.873638
13261.6913,9798.661794,12725.87364
33261.6913,3576.439571,19125.87364
8261.691305,8243.106238,15925.87364
28261.6913,12909.7729,6965.873638
18261.6913,2539.402534,10165.87364
38261.6913,7206.069201,13365.87364
2011.691305,11872.73587,19765.87364
22011.6913,983.8469788,16565.87364
12011.6913,5650.513645,5173.873638
32011.6913,10317.18031,8373.873638
7011.691305,4094.95809,11573.87364
27011.6913,8761.624757,17973.87364
17011.6913,13428.29142,14773.87364
37011.6913,3057.921053,5813.873638
4511.691305,7724.58772,9013.873638
24511.6913,12391.25439,12213.87364
14511.6913,1502.365497,18613.87364
34511.6913,6169.032164,15413.87364
9511.691305,10835.69883,4533.873638
29511.6913,4613.476608,7733.873638
19511.6913,9280.143275,10933.87364
39511.6913,13946.80994,17333.87364
449.1913046,1658.134435,14133.87364
20449.1913,6324.801102,6453.873638
10449.1913,10991.46777,9653.873638
30449.1913,102.5788794,12853.87364
5449.191305,4769.245546,19253.87364
25449.1913,9435.912213,16053.87364
15449.1913,3213.68999,7093.873638
35449.1913,7880.356657,10293.87364
2949.191305,12547.02332,13493.87364
22949.1913,2176.652953,19893.87364
12949.1913,6843.31962,16693.87364
32949.1913,11509.98629,4815.473638
7949.191305,621.0973979,8015.473638
27949.1913,5287.764065,11215.47364
17949.1913,9954.430731,17615.47364
37949.1913,3732.208509,14415.47364
1699.191305,8398.875176,5455.473638
21699.1913,13065.54184,8655.473638
11699.1913,2695.171472,11855.47364
31699.1913,7361.838139,18255.47364
6699.191305,12028.50481,15055.47364
26699.1913,1139.615916,4175.473638
16699.1913,5806.282583,7375.473638
36699.1913,10472.94925,10575.47364
4199.191305,4250.727028,16975.47364
24199.1913,8917.393694,13775.47364
14199.1913,13584.06036,6095.473638
34199.1913,1830.973941,9295.473638